timeOpen,timeClose,timeHigh,timeLow,name,open,high,low,close,volume,marketCap,timestamp
2024-12-30T00:00:00.000Z,2025-01-05T23:59:59.999Z,2025-01-03T19:22:00.000Z,2024-12-30T15:11:00.000Z,2781,93527.1975,98956.91704,91317.13546,98314.95944,294831382341,1947189546144,2025-01-05T23:59:59.999Z
2024-12-23T00:00:00.000Z,2024-12-29T23:59:59.999Z,2024-12-26T00:11:00.000Z,2024-12-23T20:17:00.000Z,2781,95099.39195,99884.57217,92403.13138,93530.22844,346327568985,1852119372624,2024-12-29T23:59:59.999Z
2024-12-16T00:00:00.000Z,2024-12-22T23:59:59.999Z,2024-12-17T14:59:00.000Z,2024-12-20T12:18:00.000Z,2781,104293.5765,108268.4471,92175.18045,95104.93437,742331818762,1882953315399,2024-12-22T23:59:59.999Z
2024-12-09T00:00:00.000Z,2024-12-15T23:59:59.999Z,2024-12-15T23:28:00.000Z,2024-12-10T18:13:00.000Z,2781,101237.0615,105047.5419,94321.25879,104298.6958,593503266057,2065144333081,2024-12-15T23:59:59.999Z
2024-12-02T00:00:00.000Z,2024-12-08T23:59:59.999Z,2024-12-05T03:09:00.000Z,2024-12-05T22:29:00.000Z,2781,97276.01012,103900.4721,91998.7817,101236.0131,549005393438,2003538950158,2024-12-08T23:59:59.999Z
2024-11-25T00:00:00.000Z,2024-12-01T23:59:59.999Z,2024-11-25T09:23:00.000Z,2024-11-26T20:40:00.000Z,2781,98033.4427,98935.03181,90770.81504,97279.79292,471413056944,1924784957144,2024-12-01T23:59:59.999Z
2024-11-18T00:00:00.000Z,2024-11-24T23:59:59.999Z,2024-11-22T19:38:00.000Z,2024-11-18T14:00:00.000Z,2781,89843.71548,99655.50108,89393.59057,98013.82091,608437036820,1937919789263,2024-11-24T23:59:59.999Z
2024-11-11T00:00:00.000Z,2024-11-17T23:59:59.999Z,2024-11-13T16:16:00.000Z,2024-11-11T00:13:00.000Z,2781,80471.41319,93434.35534,80283.24762,89845.85121,631742325165,1777526304284,2024-11-17T23:59:59.999Z
2024-11-04T00:00:00.000Z,2024-11-10T23:59:59.999Z,2024-11-10T22:23:00.000Z,2024-11-04T21:55:00.000Z,2781,68742.13467,81474.42389,66803.65,80474.1856,436048950363,1591750610706,2024-11-10T23:59:59.999Z
2024-10-28T00:00:00.000Z,2024-11-03T23:59:59.999Z,2024-10-29T19:12:00.000Z,2024-11-03T15:40:00.000Z,2781,67922.67427,73577.20966,67482.52544,68741.11549,320458852735,1359535744745,2024-11-03T23:59:59.999Z
2024-10-21T00:00:00.000Z,2024-10-27T23:59:59.999Z,2024-10-21T00:32:00.000Z,2024-10-23T18:21:00.000Z,2781,69002.00015,69462.73678,65188.03529,67929.2988,210764883687,1343230761708,2024-10-27T23:59:59.999Z
2024-10-14T00:00:00.000Z,2024-10-20T23:59:59.999Z,2024-10-20T22:53:00.000Z,2024-10-14T00:53:00.000Z,2781,62848.39949,69359.00706,62442.154,69001.70662,233833427419,1364212669154,2024-10-20T23:59:59.999Z
2024-10-07T00:00:00.000Z,2024-10-13T23:59:59.999Z,2024-10-07T14:25:00.000Z,2024-10-10T18:27:00.000Z,2781,62819.10933,64443.70641,58895.20781,62851.37492,202504726757,1242341595991,2024-10-13T23:59:59.999Z
2024-09-30T00:00:00.000Z,2024-10-06T23:59:59.999Z,2024-09-30T00:00:00.000Z,2024-10-03T13:19:00.000Z,2781,65634.66013,65635.05288,59878.80343,62818.95448,221870167579,1241559389622,2024-10-06T23:59:59.999Z
2024-09-23T00:00:00.000Z,2024-09-29T23:59:59.999Z,2024-09-27T14:39:00.000Z,2024-09-23T00:17:00.000Z,2781,63643.10208,66480.69471,62628.07866,65635.30815,185380794223,1296984728119,2024-09-29T23:59:59.999Z
2024-09-16T00:00:00.000Z,2024-09-22T23:59:59.999Z,2024-09-20T04:10:00.000Z,2024-09-16T17:13:00.000Z,2781,59185.22686,64119.53036,57501.33917,63648.70989,223578476938,1257434508161,2024-09-22T23:59:59.999Z
2024-09-09T00:00:00.000Z,2024-09-15T23:59:59.999Z,2024-09-14T00:19:00.000Z,2024-09-09T05:55:00.000Z,2781,54851.88735,60656.72113,54598.43373,59182.83533,238449454691,1169182849929,2024-09-15T23:59:59.999Z
2024-09-02T00:00:00.000Z,2024-09-08T23:59:59.999Z,2024-09-03T02:16:00.000Z,2024-09-06T21:01:00.000Z,2781,57326.96729,59815.05695,52598.69966,54841.56635,226114330695,1083415774483,2024-09-08T23:59:59.999Z
2024-08-26T00:00:00.000Z,2024-09-01T23:59:59.999Z,2024-08-26T00:08:00.000Z,2024-09-01T23:19:00.000Z,2781,64342.22544,64489.70638,57217.82386,57325.48769,208589155271,1132107052433,2024-09-01T23:59:59.999Z
2024-08-19T00:00:00.000Z,2024-08-25T23:59:59.999Z,2024-08-25T23:29:00.000Z,2024-08-19T10:06:00.000Z,2781,58480.71273,64996.4201,57864.70951,64333.54418,200670274120,1270273035259,2024-08-25T23:59:59.999Z
2024-08-12T00:00:00.000Z,2024-08-18T23:59:59.999Z,2024-08-14T12:31:00.000Z,2024-08-15T20:57:00.000Z,2781,58719.39522,61687.75659,56161.59287,58483.96498,193731393139,1154518920582,2024-08-18T23:59:59.999Z
2024-08-05T00:00:00.000Z,2024-08-11T23:59:59.999Z,2024-08-08T23:01:00.000Z,2024-08-05T06:25:00.000Z,2781,58110.29846,62673.76398,49121.23738,58719.48317,350584287763,1159042118919,2024-08-11T23:59:59.999Z
2024-07-29T00:00:00.000Z,2024-08-04T23:59:59.999Z,2024-07-29T13:07:00.000Z,2024-08-04T17:45:00.000Z,2781,68259.05493,69987.54221,57210.80333,58116.97696,251002338761,1146844860381,2024-08-04T23:59:59.999Z
2024-07-22T00:00:00.000Z,2024-07-28T23:59:59.999Z,2024-07-27T14:05:00.000Z,2024-07-25T14:14:00.000Z,2781,68152.97613,69398.51131,63473.47328,68255.86577,227265184991,1346858598264,2024-07-28T23:59:59.999Z
2024-07-15T00:00:00.000Z,2024-07-21T23:59:59.999Z,2024-07-21T22:05:00.000Z,2024-07-15T00:15:00.000Z,2781,60815.4579,68372.90517,60704.9292,68154.52291,222161876178,1344591292880,2024-07-21T23:59:59.999Z
2024-07-08T00:00:00.000Z,2024-07-14T23:59:59.999Z,2024-07-14T22:00:00.000Z,2024-07-08T01:23:00.000Z,2781,55849.57377,61329.52914,54321.01906,60787.79237,187407019962,1198755021572,2024-07-14T23:59:59.999Z
2024-07-01T00:00:00.000Z,2024-07-07T23:59:59.999Z,2024-07-01T18:21:00.000Z,2024-07-05T04:20:00.000Z,2781,62673.60634,63777.22754,53717.37543,55849.11064,213107531443,1101324021019,2024-07-07T23:59:59.999Z
2024-06-24T00:00:00.000Z,2024-06-30T23:59:59.999Z,2024-06-24T01:59:00.000Z,2024-06-24T20:31:00.000Z,2781,63173.35271,63292.52716,58601.70007,62678.29208,195982960749,1235944779945,2024-06-30T23:59:59.999Z
2024-06-17T00:00:00.000Z,2024-06-23T23:59:59.999Z,2024-06-17T18:35:00.000Z,2024-06-21T23:42:59.000Z,2781,66636.5155,67188.31747,62785.52932,63180.79821,163449015388,1245656822238,2024-06-23T23:59:59.999Z
2024-06-10T00:00:00.000Z,2024-06-16T23:59:59.999Z,2024-06-10T15:55:00.000Z,2024-06-14T17:06:00.000Z,2781,69644.31274,70146.06833,65056.89301,66639.04654,175973271621,1313672583954,2024-06-16T23:59:59.999Z
2024-06-03T00:00:00.000Z,2024-06-09T23:59:59.999Z,2024-06-07T12:17:00.000Z,2024-06-03T00:39:00.000Z,2781,67753.89541,71907.84898,67589.83642,69647.993,187569500742,1372773642949,2024-06-09T23:59:59.999Z
2024-05-27T00:00:00.000Z,2024-06-02T23:59:59.999Z,2024-05-27T16:20:00.000Z,2024-05-31T16:20:00.000Z,2781,68512.18027,70597.87951,66633.41834,67751.60258,170949409910,1335227914032,2024-06-02T23:59:59.999Z
2024-05-20T00:00:00.000Z,2024-05-26T23:59:59.999Z,2024-05-21T00:20:00.000Z,2024-05-20T01:34:00.000Z,2781,66278.74467,71946.46269,66086.17412,68518.08997,225779718034,1349968658780,2024-05-26T23:59:59.999Z
2024-05-13T00:00:00.000Z,2024-05-19T23:59:59.999Z,2024-05-19T10:38:00.000Z,2024-05-13T03:22:00.000Z,2781,61451.21851,67694.29878,60769.84067,66278.37008,191456349027,1305732230286,2024-05-19T23:59:59.999Z
2024-05-06T00:00:00.000Z,2024-05-12T23:59:59.999Z,2024-05-06T08:46:00.000Z,2024-05-10T17:52:00.000Z,2781,64038.31356,65494.90172,60208.78155,61448.39467,161617857128,1210435745367,2024-05-12T23:59:59.999Z
2024-04-29T00:00:00.000Z,2024-05-05T23:59:59.999Z,2024-04-30T00:57:00.000Z,2024-05-01T08:24:00.000Z,2781,63106.3642,64703.33236,56555.29405,64031.13281,217717011806,1261203911122,2024-05-05T23:59:59.999Z
2024-04-22T00:00:00.000Z,2024-04-28T23:59:59.999Z,2024-04-22T23:13:00.000Z,2024-04-27T01:19:00.000Z,2781,64935.63317,67233.95704,62424.72068,63113.23168,176031088175,1242661116274,2024-04-28T23:59:59.999Z
2024-04-15T00:00:00.000Z,2024-04-21T23:59:59.999Z,2024-04-15T09:23:00.000Z,2024-04-19T02:31:00.000Z,2781,65739.64454,66878.6469,59651.39026,64926.64321,257889555864,1278296008665,2024-04-21T23:59:59.999Z
2024-04-08T00:00:00.000Z,2024-04-14T23:59:59.999Z,2024-04-08T12:13:00.000Z,2024-04-13T20:10:00.000Z,2781,69362.554,72715.35961,60919.10616,65738.72389,288243675432,1293922154521,2024-04-14T23:59:59.999Z
2024-04-01T00:00:00.000Z,2024-04-07T23:59:59.999Z,2024-04-01T00:00:00.000Z,2024-04-03T00:39:00.000Z,2781,71333.48472,71342.09145,64559.89995,69362.55128,229427260104,1364795785582,2024-04-07T23:59:59.999Z
2024-03-25T00:00:00.000Z,2024-03-31T23:59:59.999Z,2024-03-27T13:31:00.000Z,2024-03-25T02:18:00.000Z,2781,67234.09758,71727.68376,66414.83223,71333.64793,216324625836,1403108244336,2024-03-31T23:59:59.999Z
2024-03-18T00:00:00.000Z,2024-03-24T23:59:59.999Z,2024-03-18T05:37:00.000Z,2024-03-20T05:34:00.000Z,2781,68371.30726,68897.13441,60807.78596,67234.17235,328097121683,1322058484489,2024-03-24T23:59:59.999Z
2024-03-11T00:00:00.000Z,2024-03-17T23:59:59.999Z,2024-03-14T07:07:00.000Z,2024-03-17T07:23:00.000Z,2781,69020.54977,73750.07385,64545.3181,68390.6228,405957750577,1343978205473,2024-03-17T23:59:59.999Z
2024-03-04T00:00:00.000Z,2024-03-10T23:59:59.999Z,2024-03-08T15:32:00.000Z,2024-03-05T19:58:00.000Z,2781,63137.00468,70083.05162,59323.90894,69019.78636,405709693297,1356284493147,2024-03-10T23:59:59.999Z
2024-02-26T00:00:00.000Z,2024-03-03T23:59:59.999Z,2024-02-28T17:16:00.000Z,2024-02-26T09:58:00.000Z,2781,51730.53979,63913.13181,50931.03161,63167.37036,322895666089,1240856664935,2024-03-03T23:59:59.999Z
2024-02-19T00:00:00.000Z,2024-02-25T23:59:59.999Z,2024-02-20T13:46:00.000Z,2024-02-23T23:18:00.000Z,2781,52134.81221,52945.05257,50561.77586,51733.2366,160769145625,1015926591604,2024-02-25T23:59:59.999Z
2024-02-12T00:00:00.000Z,2024-02-18T23:59:59.999Z,2024-02-15T14:52:00.000Z,2024-02-12T10:08:00.000Z,2781,48296.3852,52820.06693,47745.76026,52122.54546,213560041470,1023243073518,2024-02-18T23:59:59.999Z
2024-02-05T00:00:00.000Z,2024-02-11T23:59:59.999Z,2024-02-11T04:01:00.000Z,2024-02-05T01:14:00.000Z,2781,42577.62298,48535.93591,42264.8173,48293.91675,157826395448,947774152970,2024-02-11T23:59:59.999Z
2024-01-29T00:00:00.000Z,2024-02-04T23:59:59.999Z,2024-01-30T12:24:00.000Z,2024-01-29T14:52:00.000Z,2781,42030.91538,43838.94684,41818.33109,42583.58292,135184187434,835421763160,2024-02-04T23:59:59.999Z
2024-01-22T00:00:00.000Z,2024-01-28T23:59:59.999Z,2024-01-28T05:20:00.000Z,2024-01-23T14:24:00.000Z,2781,41553.65269,42797.17736,38521.89389,42035.59437,155314602894,824387868796,2024-01-28T23:59:59.999Z
2024-01-15T00:00:00.000Z,2024-01-21T23:59:59.999Z,2024-01-16T21:39:00.000Z,2024-01-19T17:11:00.000Z,2781,41715.06653,43566.27492,40297.45786,41545.78351,139135824835,814488966036,2024-01-21T23:59:59.999Z
2024-01-08T00:00:00.000Z,2024-01-14T23:59:59.999Z,2024-01-11T14:52:00.000Z,2024-01-14T23:55:00.000Z,2781,43948.70696,48969.3714,41724.61372,41796.26961,259971819746,819159863483,2024-01-14T23:59:59.999Z
2024-01-01T00:00:00.000Z,2024-01-07T23:59:59.999Z,2024-01-02T09:07:00.000Z,2024-01-03T12:10:00.000Z,2781,42280.23528,45899.70635,40813.53487,43943.09723,202311773985,860951836726,2024-01-07T23:59:59.999Z
2023-12-25T00:00:00.000Z,2023-12-31T23:59:59.999Z,2023-12-28T00:39:00.000Z,2023-12-29T22:21:00.000Z,2781,43010.57292,43804.78142,41424.06064,42265.18565,157807126207,827811209384,2023-12-31T23:59:59.999Z
2023-12-18T00:00:00.000Z,2023-12-24T23:59:59.999Z,2023-12-22T06:35:00.000Z,2023-12-18T10:38:00.000Z,2781,41348.20209,44367.95577,40530.25852,43016.11762,152084171490,842253948410,2023-12-24T23:59:59.999Z
2023-12-11T00:00:00.000Z,2023-12-17T23:59:59.999Z,2023-12-11T00:10:00.000Z,2023-12-11T19:42:00.000Z,2781,43792.01786,43808.37306,40234.57833,41364.66592,168493481949,809628537784,2023-12-17T23:59:59.999Z
2023-12-04T00:00:00.000Z,2023-12-10T23:59:59.999Z,2023-12-08T21:26:00.000Z,2023-12-04T00:00:00.000Z,2781,39978.62865,44705.51501,39978.62865,43779.69729,188503614894,856608048217,2023-12-10T23:59:59.999Z
2023-11-27T00:00:00.000Z,2023-12-03T23:59:59.999Z,2023-12-03T23:11:00.000Z,2023-11-27T16:02:00.000Z,2781,37454.19196,40135.6049,36750.1271,39978.39182,134360107954,781986059221,2023-12-03T23:59:59.999Z
2023-11-20T00:00:00.000Z,2023-11-26T23:59:59.999Z,2023-11-24T15:41:00.000Z,2023-11-22T00:01:00.000Z,2781,37374.07468,38415.3382,35670.97188,37479.12229,130439893957,732864171271,2023-11-26T23:59:59.999Z
2023-11-13T00:00:00.000Z,2023-11-19T23:59:59.999Z,2023-11-15T23:57:00.000Z,2023-11-14T18:54:00.000Z,2781,37070.30587,37964.89283,34948.50028,37386.54777,143535361089,730802775304,2023-11-19T23:59:59.999Z
2023-11-06T00:00:00.000Z,2023-11-12T23:59:59.999Z,2023-11-09T14:54:00.000Z,2023-11-07T12:13:00.000Z,2781,35044.78992,37926.2568,34545.8151,37054.52014,134767494803,724074263173,2023-11-12T23:59:59.999Z
2023-10-30T00:00:00.000Z,2023-11-05T23:59:59.999Z,2023-11-02T02:51:00.000Z,2023-10-31T08:07:00.000Z,2781,34531.74137,35919.8436,34083.30946,35049.35592,115520056635,684667682721,2023-11-05T23:59:59.999Z
2023-10-23T00:00:00.000Z,2023-10-29T23:59:59.999Z,2023-10-24T02:27:00.000Z,2023-10-23T01:03:00.000Z,2781,30140.68486,35150.4335,30097.82874,34538.48209,165718773023,674455804210,2023-10-29T23:59:59.999Z
2023-10-16T00:00:00.000Z,2023-10-22T23:59:59.999Z,2023-10-21T18:02:00.000Z,2023-10-16T00:46:00.000Z,2781,27162.62823,30287.48165,27130.47348,29993.89652,113402383093,585517392722,2023-10-22T23:59:59.999Z
2023-10-09T00:00:00.000Z,2023-10-15T23:59:59.999Z,2023-10-09T01:54:00.000Z,2023-10-12T17:36:00.000Z,2781,27934.47216,27989.4709,26558.32078,27159.65292,72673654488,530017041636,2023-10-15T23:59:59.999Z
2023-10-02T00:00:00.000Z,2023-10-08T23:59:59.999Z,2023-10-02T14:00:00.000Z,2023-10-06T13:01:00.000Z,2781,27976.79915,28494.45964,27215.55245,27935.08958,82183775697,544957531994,2023-10-08T23:59:59.999Z
2023-09-25T00:00:00.000Z,2023-10-01T23:59:59.999Z,2023-10-01T22:34:00.000Z,2023-09-25T12:23:00.000Z,2781,26253.7753,28047.23771,26011.46962,27983.75038,73012240735,545719315434,2023-10-01T23:59:59.999Z
2023-09-18T00:00:00.000Z,2023-09-24T23:59:59.999Z,2023-09-19T15:37:00.000Z,2023-09-24T23:29:00.000Z,2781,26532.99479,27488.7638,26221.05,26256.82579,82251905212,511876976254,2023-09-24T23:59:59.999Z
2023-09-11T00:00:00.000Z,2023-09-17T23:59:59.999Z,2023-09-15T23:09:00.000Z,2023-09-11T20:02:00.000Z,2781,25831.7155,26840.49793,24930.29749,26534.18752,85796699860,517116820260,2023-09-17T23:59:59.999Z
2023-09-04T00:00:00.000Z,2023-09-10T23:59:59.999Z,2023-09-08T00:58:00.000Z,2023-09-06T17:06:00.000Z,2781,25968.17013,26414.00597,25404.35968,25832.22625,69814611152,503258420290,2023-09-10T23:59:59.999Z
2023-08-28T00:00:00.000Z,2023-09-03T23:59:59.999Z,2023-08-29T16:28:00.000Z,2023-09-01T17:42:00.000Z,2781,26089.61492,28089.33803,25362.60913,25969.56735,113161627783,505774022624,2023-09-03T23:59:59.999Z
2023-08-21T00:00:00.000Z,2023-08-27T23:59:59.999Z,2023-08-23T19:49:00.000Z,2023-08-22T21:27:00.000Z,2781,26188.69065,26786.89761,25520.72849,26089.69347,83086807452,507949530131,2023-08-27T23:59:59.999Z
2023-08-14T00:00:00.000Z,2023-08-20T23:59:59.999Z,2023-08-14T16:52:00.000Z,2023-08-17T21:45:00.000Z,2781,29283.26294,29660.25434,25409.1116,26189.58467,116418274960,509733936200,2023-08-20T23:59:59.999Z
2023-08-07T00:00:00.000Z,2023-08-13T23:59:59.999Z,2023-08-08T21:22:00.000Z,2023-08-07T16:18:00.000Z,2781,29038.51285,30176.79624,28724.14053,29282.91438,85153014453,569738074810,2023-08-13T23:59:59.999Z
2023-07-31T00:00:00.000Z,2023-08-06T23:59:59.999Z,2023-08-02T01:33:00.000Z,2023-08-01T15:31:00.000Z,2781,29278.31405,29987.99711,28657.02382,29041.85617,87827001051,564864625278,2023-08-06T23:59:59.999Z
2023-07-24T00:00:00.000Z,2023-07-30T23:59:59.999Z,2023-07-24T00:26:00.000Z,2023-07-24T15:11:00.000Z,2781,30081.66164,30093.39425,28934.29416,29275.30795,76309629497,569216997017,2023-07-30T23:59:59.999Z
2023-07-17T00:00:00.000Z,2023-07-23T23:59:59.999Z,2023-07-17T05:14:00.000Z,2023-07-18T16:49:00.000Z,2781,30249.62662,30336.40013,29556.42837,30084.53924,81229098741,584762966698,2023-07-23T23:59:59.999Z
2023-07-10T00:00:00.000Z,2023-07-16T23:59:59.999Z,2023-07-13T19:32:00.000Z,2023-07-14T19:06:00.000Z,2781,30172.42296,31814.51481,29966.38714,30249.13281,102917922457,587778068681,2023-07-16T23:59:59.999Z
2023-07-03T00:00:00.000Z,2023-07-09T23:59:59.999Z,2023-07-06T09:01:00.000Z,2023-07-07T00:04:00.000Z,2781,30624.51631,31460.05361,29777.28441,30171.23357,90491031635,586079772337,2023-07-09T23:59:59.999Z
2023-06-26T00:00:00.000Z,2023-07-02T23:59:59.999Z,2023-06-30T04:52:00.000Z,2023-06-30T13:48:00.000Z,2781,30480.52397,31256.8627,29600.27594,30620.77026,106681707513,594601955893,2023-07-02T23:59:59.999Z
2023-06-19T00:00:00.000Z,2023-06-25T23:59:59.999Z,2023-06-23T16:15:00.000Z,2023-06-19T00:57:00.000Z,2781,26335.44237,31389.53813,26312.83181,30480.26161,138005623534,591683600297,2023-06-25T23:59:59.999Z
2023-06-12T00:00:00.000Z,2023-06-18T23:59:59.999Z,2023-06-17T05:42:00.000Z,2023-06-15T11:18:00.000Z,2781,25934.2856,26769.3945,24797.16785,26336.213,92905085603,511079706783,2023-06-18T23:59:59.999Z
2023-06-05T00:00:00.000Z,2023-06-11T23:59:59.999Z,2023-06-07T00:47:00.000Z,2023-06-06T12:15:00.000Z,2781,27123.10996,27332.18096,25434.86713,25940.16808,116498927149,503230985845,2023-06-11T23:59:59.999Z
2023-05-29T00:00:00.000Z,2023-06-04T23:59:59.999Z,2023-05-29T00:25:00.000Z,2023-06-02T00:39:00.000Z,2781,28075.59214,28432.03872,26574.64442,27119.06719,91351657572,525920232791,2023-06-04T23:59:59.999Z
2023-05-22T00:00:00.000Z,2023-05-28T23:59:59.999Z,2023-05-28T23:16:00.000Z,2023-05-25T01:28:00.000Z,2781,26749.89321,28193.44853,25890.59448,28085.64736,90053064705,544483610242,2023-05-28T23:59:59.999Z
2023-05-15T00:00:00.000Z,2023-05-21T23:59:59.999Z,2023-05-15T17:18:00.000Z,2023-05-18T17:58:00.000Z,2781,26931.38463,27646.34812,26415.10148,26753.82564,84459727716,518489461931,2023-05-21T23:59:59.999Z
2023-05-08T00:00:00.000Z,2023-05-14T23:59:59.999Z,2023-05-08T00:28:00.000Z,2023-05-12T19:29:00.000Z,2781,28450.45748,28663.27233,25878.42883,26930.63785,109959496439,521742220417,2023-05-14T23:59:59.999Z
2023-05-01T00:00:00.000Z,2023-05-07T23:59:59.999Z,2023-05-06T00:38:00.000Z,2023-05-01T20:59:00.000Z,2781,29227.10398,29820.12662,27680.79264,28454.97829,114911964254,551083296209,2023-05-07T23:59:59.999Z
2023-04-24T00:00:00.000Z,2023-04-30T23:59:59.999Z,2023-04-26T12:59:00.000Z,2023-04-24T16:56:00.000Z,2781,27591.72952,29995.83849,27070.8495,29268.80704,137303647009,566661285145,2023-04-30T23:59:59.999Z
2023-04-17T00:00:00.000Z,2023-04-23T23:59:59.999Z,2023-04-18T12:23:00.000Z,2023-04-22T01:18:00.000Z,2781,30317.1457,30470.30201,27169.57112,27591.38463,129935327803,534020212997,2023-04-23T23:59:59.999Z
2023-04-10T00:00:00.000Z,2023-04-16T23:59:59.999Z,2023-04-14T06:54:00.000Z,2023-04-10T13:58:00.000Z,2781,28336.02824,31005.60804,28189.27077,30315.35546,142518888451,586546802552,2023-04-16T23:59:59.999Z
2023-04-03T00:00:00.000Z,2023-04-09T23:59:59.999Z,2023-04-05T02:38:00.000Z,2023-04-03T21:02:00.000Z,2781,28183.08036,28739.23811,27276.71995,28333.05005,98141424556,548015190714,2023-04-09T23:59:59.999Z
2023-03-27T00:00:00.000Z,2023-04-02T23:59:59.999Z,2023-03-30T02:41:00.000Z,2023-03-27T15:12:00.000Z,2781,27994.06792,29159.90262,26606.689,28199.30838,121255230917,545245950698,2023-04-02T23:59:59.999Z
2023-03-20T00:00:00.000Z,2023-03-26T23:59:59.999Z,2023-03-22T18:06:00.000Z,2023-03-22T20:00:00.000Z,2781,28041.60192,28803.33592,26759.99623,27994.32951,191720356212,541106062438,2023-03-26T23:59:59.999Z
2023-03-13T00:00:00.000Z,2023-03-19T23:59:59.999Z,2023-03-19T20:12:00.000Z,2023-03-13T10:19:00.000Z,2781,22156.40668,28440.56122,21918.19993,28038.67495,305833103060,541771324421,2023-03-19T23:59:59.999Z
2023-03-06T00:00:00.000Z,2023-03-12T23:59:59.999Z,2023-03-06T16:05:00.000Z,2023-03-10T11:25:00.000Z,2781,22436.81678,22584.29381,19628.25431,22163.94995,192057466346,428114557465,2023-03-12T23:59:59.999Z
2023-02-27T00:00:00.000Z,2023-03-05T23:59:59.999Z,2023-03-01T09:01:00.000Z,2023-03-04T20:49:00.000Z,2781,23561.45068,23880.63246,22198.98101,22435.5142,138790785900,433216160786,2023-03-05T23:59:59.999Z
2023-02-20T00:00:00.000Z,2023-02-26T23:59:59.999Z,2023-02-21T08:30:00.000Z,2023-02-25T20:50:00.000Z,2781,24336.62334,25126.85169,22861.55866,23561.21291,180472737468,454795165823,2023-02-26T23:59:59.999Z
2023-02-13T00:00:00.000Z,2023-02-19T23:59:59.999Z,2023-02-16T16:06:00.000Z,2023-02-13T17:57:00.000Z,2781,21786.99926,25134.11735,21460.0885,24327.64167,209050300776,469431477134,2023-02-19T23:59:59.999Z
2023-02-06T00:00:00.000Z,2023-02-12T23:59:59.999Z,2023-02-08T01:17:00.000Z,2023-02-10T21:46:00.000Z,2781,22954.02196,23367.95929,21539.39283,21788.20399,170212590187,420274300806,2023-02-12T23:59:59.999Z
2023-01-30T00:00:00.000Z,2023-02-05T23:59:59.999Z,2023-02-02T01:01:00.000Z,2023-01-30T22:43:00.000Z,2781,23774.64897,24167.21023,22657.58217,22955.66602,171080243770,442642331536,2023-02-05T23:59:59.999Z
2023-01-23T00:00:00.000Z,2023-01-29T23:59:59.999Z,2023-01-29T19:49:00.000Z,2023-01-25T01:31:00.000Z,2781,22721.08867,23919.88976,22406.0755,23774.56592,177486927537,458291157032,2023-01-29T23:59:59.999Z
2023-01-16T00:00:00.000Z,2023-01-22T23:59:59.999Z,2023-01-21T19:56:00.000Z,2023-01-18T16:47:00.000Z,2781,20882.22388,23282.34772,20541.54455,22720.41563,188938770069,437814457018,2023-01-22T23:59:59.999Z
2023-01-09T00:00:00.000Z,2023-01-15T23:59:59.999Z,2023-01-14T14:37:00.000Z,2023-01-09T00:00:00.000Z,2781,17093.9925,21075.14183,17093.9925,20880.7992,175202822924,402234665331,2023-01-15T23:59:59.999Z
2023-01-02T00:00:00.000Z,2023-01-08T23:59:59.999Z,2023-01-08T23:59:00.000Z,2023-01-02T01:19:00.000Z,2781,16625.51039,17091.14445,16572.22885,17091.14445,90012614323,329114546384,2023-01-08T23:59:59.999Z
2022-12-26T00:00:00.000Z,2023-01-01T23:59:59.999Z,2022-12-27T00:14:00.000Z,2022-12-30T14:52:00.000Z,2781,16842.24931,16959.84648,16408.47518,16625.08055,95526200507,320025834692,2023-01-01T23:59:59.999Z
2022-12-19T00:00:00.000Z,2022-12-25T23:59:59.999Z,2022-12-20T15:34:00.000Z,2022-12-19T22:37:00.000Z,2781,16759.04093,17012.98471,16398.13625,16841.98705,107997970887,324093186301,2022-12-25T23:59:59.999Z
2022-12-12T00:00:00.000Z,2022-12-18T23:59:59.999Z,2022-12-14T18:58:00.000Z,2022-12-16T23:35:00.000Z,2781,17102.50065,18318.53058,16584.7014,16757.9774,168070921628,322379914497,2022-12-18T23:59:59.999Z
2022-12-05T00:00:00.000Z,2022-12-11T23:59:59.999Z,2022-12-05T05:09:00.000Z,2022-12-07T08:06:00.000Z,2781,17128.89408,17378.15331,16750.55813,17104.19281,129428712529,328933297476,2022-12-11T23:59:59.999Z
2022-11-28T00:00:00.000Z,2022-12-04T23:59:59.999Z,2022-12-01T13:35:00.000Z,2022-11-28T16:22:00.000Z,2781,16440.22209,17197.49725,16054.53022,17130.48595,156325682750,329323845089,2022-12-04T23:59:59.999Z
2022-11-21T00:00:00.000Z,2022-11-27T23:59:59.999Z,2022-11-24T02:04:00.000Z,2022-11-21T21:53:00.000Z,2781,16291.2238,16771.47524,15599.04718,16444.62683,184366390570,316040534592,2022-11-27T23:59:59.999Z
2022-11-14T00:00:00.000Z,2022-11-20T23:59:59.999Z,2022-11-14T13:31:00.000Z,2022-11-14T06:01:00.000Z,2781,16352.02856,17109.32335,15872.94161,16291.83247,212305926999,313012826680,2022-11-20T23:59:59.999Z
2022-11-07T00:00:00.000Z,2022-11-13T23:59:59.999Z,2022-11-07T02:18:00.000Z,2022-11-09T23:38:00.000Z,2781,20924.62048,21053.24615,15682.69284,16353.36572,471409252760,314093257178,2022-11-13T23:59:59.999Z
2022-10-31T00:00:00.000Z,2022-11-06T23:59:59.999Z,2022-11-05T04:22:00.000Z,2022-11-03T12:51:00.000Z,2781,20633.69607,21446.8861,20086.2409,20926.48597,321270158407,401792318391,2022-11-06T23:59:59.999Z
2022-10-24T00:00:00.000Z,2022-10-30T23:59:59.999Z,2022-10-29T10:24:00.000Z,2022-10-24T14:28:00.000Z,2781,19567.76958,20988.39447,19206.32431,20635.60375,302335723765,396075135322,2022-10-30T23:59:59.999Z
2022-10-17T00:00:00.000Z,2022-10-23T23:59:59.999Z,2022-10-18T06:46:00.000Z,2022-10-21T12:26:00.000Z,2781,19268.5621,19666.99501,18770.97006,19567.0074,175664450104,375444263357,2022-10-23T23:59:59.999Z
2022-10-10T00:00:00.000Z,2022-10-16T23:59:59.999Z,2022-10-14T01:58:00.000Z,2022-10-13T13:20:00.000Z,2781,19446.41623,19889.14627,18319.82263,19268.0928,197940078443,369584293836,2022-10-16T23:59:59.999Z
2022-10-03T00:00:00.000Z,2022-10-09T23:59:59.999Z,2022-10-06T02:11:00.000Z,2022-10-03T00:08:00.000Z,2781,19044.06785,20408.39184,19025.22629,19446.42619,196809212801,372876821416,2022-10-09T23:59:59.999Z
2022-09-26T00:00:00.000Z,2022-10-02T23:59:59.999Z,2022-09-27T12:52:00.000Z,2022-09-28T02:44:00.000Z,2781,18803.90063,20338.45546,18553.29736,19044.10727,280290121526,365024821954,2022-10-02T23:59:59.999Z
2022-09-19T00:00:00.000Z,2022-09-25T23:59:59.999Z,2022-09-21T18:01:00.000Z,2022-09-21T22:20:00.000Z,2781,19418.57142,19674.63033,18290.31519,18802.09798,252873598365,360259346858,2022-09-25T23:59:59.999Z
2022-09-12T00:00:00.000Z,2022-09-18T23:59:59.999Z,2022-09-13T12:26:00.000Z,2022-09-18T22:32:00.000Z,2781,21770.14813,22673.81977,19387.49135,19419.50619,261900187496,371970445843,2022-09-18T23:59:59.999Z
2022-09-05T00:00:00.000Z,2022-09-11T23:59:59.999Z,2022-09-11T23:58:00.000Z,2022-09-07T03:03:00.000Z,2781,19988.78982,21770.55319,18644.46723,21769.25634,259528892948,416840289162,2022-09-11T23:59:59.999Z
2022-08-29T00:00:00.000Z,2022-09-04T23:59:59.999Z,2022-08-30T07:36:00.000Z,2022-08-29T00:22:00.000Z,2781,19615.15336,20542.64497,19600.78503,19986.71384,208511390279,382576542382,2022-09-04T23:59:59.999Z
2022-08-22T00:00:00.000Z,2022-08-28T23:59:59.999Z,2022-08-26T13:07:00.000Z,2022-08-28T23:59:00.000Z,2781,21531.46385,21804.90801,19616.81498,19616.81498,223346042308,375367382008,2022-08-28T23:59:59.999Z
2022-08-15T00:00:00.000Z,2022-08-21T23:59:59.999Z,2022-08-15T03:19:00.000Z,2022-08-20T21:03:00.000Z,2781,24318.31548,25135.5904,20856.73134,21534.12123,208764012537,411906673576,2022-08-21T23:59:59.999Z
2022-08-08T00:00:00.000Z,2022-08-14T23:59:59.999Z,2022-08-14T07:51:00.000Z,2022-08-10T00:50:00.000Z,2781,23179.52705,24974.91421,22771.52047,24319.33392,195343016900,465024405299,2022-08-14T23:59:59.999Z
2022-08-01T00:00:00.000Z,2022-08-07T23:59:59.999Z,2022-08-03T12:22:00.000Z,2022-08-04T20:02:00.000Z,2781,23336.71805,23578.65044,22485.70066,23175.89085,166393135564,443014963855,2022-08-07T23:59:59.999Z
2022-07-25T00:00:00.000Z,2022-07-31T23:59:59.999Z,2022-07-30T15:49:00.000Z,2022-07-26T15:56:00.000Z,2781,22607.15555,24572.57942,20776.81608,23336.8956,223759636595,445941074223,2022-07-31T23:59:59.999Z
2022-07-18T00:00:00.000Z,2022-07-24T23:59:59.999Z,2022-07-20T15:38:00.000Z,2022-07-18T00:00:00.000Z,2781,20781.9115,24196.81921,20781.9115,22609.16477,244312089708,431888879541,2022-07-24T23:59:59.999Z
2022-07-11T00:00:00.000Z,2022-07-17T23:59:59.999Z,2022-07-17T07:13:00.000Z,2022-07-13T13:34:00.000Z,2781,20856.35297,21600.64012,18999.95313,20779.34454,187297974219,396808327005,2022-07-17T23:59:59.999Z
2022-07-04T00:00:00.000Z,2022-07-10T23:59:59.999Z,2022-07-08T01:31:00.000Z,2022-07-04T03:04:00.000Z,2781,19297.31419,22314.94054,19063.0662,20860.44939,206953871022,398237577323,2022-07-10T23:59:59.999Z
2022-06-27T00:00:00.000Z,2022-07-03T23:59:59.999Z,2022-06-27T09:01:00.000Z,2022-06-30T20:55:00.000Z,2781,21028.23823,21478.08936,18729.65623,19297.07608,157426002965,368272636368,2022-07-03T23:59:59.999Z
2022-06-20T00:00:00.000Z,2022-06-26T23:59:59.999Z,2022-06-26T12:17:00.000Z,2022-06-20T01:52:00.000Z,2781,20553.37025,21783.72477,19689.16951,21027.29531,175909056122,401157940864,2022-06-26T23:59:59.999Z
2022-06-13T00:00:00.000Z,2022-06-19T23:59:59.999Z,2022-06-13T00:37:00.000Z,2022-06-18T20:56:00.000Z,2781,26737.57766,26795.58982,17708.62371,20553.27182,309685915250,391988917194,2022-06-19T23:59:59.999Z
2022-06-06T00:00:00.000Z,2022-06-12T23:59:59.999Z,2022-06-06T14:38:00.000Z,2022-06-12T23:59:00.000Z,2781,29910.28372,31693.29011,26762.64904,26762.64904,215929645934,510252464821,2022-06-12T23:59:59.999Z
2022-05-30T00:00:00.000Z,2022-06-05T23:59:59.999Z,2022-05-31T16:46:00.000Z,2022-05-30T00:58:00.000Z,2781,29443.36571,32249.86393,29303.57163,29906.66175,203063587161,569996838237,2022-06-05T23:59:59.999Z
2022-05-23T00:00:00.000Z,2022-05-29T23:59:59.999Z,2022-05-23T07:35:00.000Z,2022-05-26T13:31:00.000Z,2781,30309.39648,30590.58648,28261.90571,29445.95762,196327562571,561034743433,2022-05-29T23:59:59.999Z
2022-05-16T00:00:00.000Z,2022-05-22T23:59:59.999Z,2022-05-16T00:01:00.000Z,2022-05-19T02:14:00.000Z,2781,31304.37414,31305.3426,28708.95504,30323.7219,196429842103,577568895836,2022-05-22T23:59:59.999Z
2022-05-09T00:00:00.000Z,2022-05-15T23:59:59.999Z,2022-05-09T01:22:00.000Z,2022-05-12T07:19:00.000Z,2781,34060.01548,34222.07332,26350.49017,31305.11257,357800928091,596074575228,2022-05-15T23:59:59.999Z
2022-05-02T00:00:00.000Z,2022-05-08T23:59:59.999Z,2022-05-04T19:19:00.000Z,2022-05-08T17:40:00.000Z,2781,38472.18715,39902.95021,33878.96457,34059.26425,239044762283,648302121215,2022-05-08T23:59:59.999Z
2022-04-25T00:00:00.000Z,2022-05-01T23:59:59.999Z,2022-04-26T08:25:00.000Z,2022-05-01T01:38:00.000Z,2781,39472.60737,40713.88957,37585.78737,38469.0939,216681007567,731986764312,2022-05-01T23:59:59.999Z
2022-04-18T00:00:00.000Z,2022-04-24T23:59:59.999Z,2022-04-21T13:38:00.000Z,2022-04-18T05:07:00.000Z,2781,39721.20292,42893.5802,38696.19152,39469.29356,184314843517,750755023764,2022-04-24T23:59:59.999Z
2022-04-11T00:00:00.000Z,2022-04-17T23:59:59.999Z,2022-04-11T01:28:00.000Z,2022-04-11T22:13:00.000Z,2781,42201.03823,42424.59104,39373.05833,39716.95423,174652159709,755201997823,2022-04-17T23:59:59.999Z
2022-04-04T00:00:00.000Z,2022-04-10T23:59:59.999Z,2022-04-05T12:38:00.000Z,2022-04-10T22:53:00.000Z,2781,46445.27162,47106.13974,42021.2068,42207.67096,188557001877,802293412897,2022-04-10T23:59:59.999Z
2022-03-28T00:00:00.000Z,2022-04-03T23:59:59.999Z,2022-03-28T19:36:00.000Z,2022-04-01T02:58:00.000Z,2781,46821.85025,48086.83675,44403.14101,46453.56708,223334181932,882703992271,2022-04-03T23:59:59.999Z
2022-03-21T00:00:00.000Z,2022-03-27T23:59:59.999Z,2022-03-27T23:56:00.000Z,2022-03-21T02:41:00.000Z,2781,41246.13285,46827.54619,40668.0417,46820.49346,188591889758,889385706663,2022-03-27T23:59:59.999Z
2022-03-14T00:00:00.000Z,2022-03-20T23:59:59.999Z,2022-03-19T21:41:00.000Z,2022-03-14T00:16:00.000Z,2781,37846.31644,42316.55446,37680.73447,41247.82345,184097042034,783260570384,2022-03-20T23:59:59.999Z
2022-03-07T00:00:00.000Z,2022-03-13T23:59:59.999Z,2022-03-09T16:03:00.000Z,2022-03-07T20:05:00.000Z,2781,38429.30278,42465.67291,37260.20171,37849.6628,175966999156,718481905386,2022-03-13T23:59:59.999Z
2022-02-28T00:00:00.000Z,2022-03-06T23:59:59.999Z,2022-03-02T15:04:00.000Z,2022-02-28T00:59:00.000Z,2781,37706.00127,45077.57695,37518.2146,38419.98338,187557375750,729062407067,2022-03-06T23:59:59.999Z
2022-02-21T00:00:00.000Z,2022-02-27T23:59:59.999Z,2022-02-26T00:44:00.000Z,2022-02-24T05:47:00.000Z,2781,38423.20987,40005.34873,34459.21773,37709.78375,190469710083,715351995828,2022-02-27T23:59:59.999Z
2022-02-14T00:00:00.000Z,2022-02-20T23:59:59.999Z,2022-02-15T23:49:00.000Z,2022-02-20T14:23:00.000Z,2781,42157.39915,44667.21698,38112.81394,38431.37812,144975794551,728812385562,2022-02-20T23:59:59.999Z
2022-02-07T00:00:00.000Z,2022-02-13T23:59:59.999Z,2022-02-10T17:19:00.000Z,2022-02-07T00:50:00.000Z,2781,42406.78133,45661.17314,41748.15531,42197.51534,176958095731,799950408997,2022-02-13T23:59:59.999Z
2022-01-31T00:00:00.000Z,2022-02-06T23:59:59.999Z,2022-02-06T23:46:00.000Z,2022-02-03T10:31:00.000Z,2781,37920.28099,42500.78693,36375.53734,42412.43424,143977109318,803744511638,2022-02-06T23:59:59.999Z
2022-01-24T00:00:00.000Z,2022-01-30T23:59:59.999Z,2022-01-26T19:10:00.000Z,2022-01-24T11:07:00.000Z,2781,36275.73295,38825.40869,33184.05957,37917.60273,178727434895,718325967803,2022-01-30T23:59:59.999Z
2022-01-17T00:00:00.000Z,2022-01-23T23:59:59.999Z,2022-01-20T16:07:00.000Z,2022-01-22T10:14:00.000Z,2781,43118.1201,43413.02394,34349.24919,36276.80469,196326044072,687012848062,2022-01-23T23:59:59.999Z
2022-01-10T00:00:00.000Z,2022-01-16T23:59:59.999Z,2022-01-13T14:41:00.000Z,2022-01-10T14:37:00.000Z,2781,41910.23083,44278.42326,39796.57171,43113.88011,199473804543,816211499221,2022-01-16T23:59:59.999Z
2022-01-03T00:00:00.000Z,2022-01-09T23:59:59.999Z,2022-01-03T12:19:00.000Z,2022-01-08T18:13:00.000Z,2781,47343.54377,47510.72617,40672.27545,41911.60154,276182787151,793156354744,2022-01-09T23:59:59.999Z
2021-12-27T00:00:00.000Z,2022-01-02T23:59:59.999Z,2021-12-27T17:43:02.000Z,2021-12-31T20:01:00.000Z,2781,50802.60893,51956.32635,45819.95455,47345.22056,203998848910,895688387523,2022-01-02T23:59:59.999Z
2021-12-20T00:00:00.000Z,2021-12-26T23:59:59.999Z,2021-12-24T19:11:02.000Z,2021-12-20T14:23:02.000Z,2781,46707.06445,51814.02851,45579.81014,50809.51501,175052499791,960899995735,2021-12-26T23:59:59.999Z
2021-12-13T00:00:00.000Z,2021-12-19T23:59:59.999Z,2021-12-13T00:17:02.000Z,2021-12-18T02:06:02.000Z,2781,50114.74099,50204.99826,45598.44261,46707.01488,214770398202,883011296030,2021-12-19T23:59:59.999Z
2021-12-06T00:00:00.000Z,2021-12-12T23:59:59.999Z,2021-12-07T15:46:02.000Z,2021-12-11T00:19:02.000Z,2781,49413.4791,51934.7819,46942.34782,50098.33514,208148497532,946823114555,2021-12-12T23:59:59.999Z
2021-11-29T00:00:00.000Z,2021-12-05T23:59:59.999Z,2021-11-30T15:17:04.000Z,2021-12-04T05:28:02.000Z,2781,57291.90473,59113.4009,42874.61686,49368.8471,276690611811,932695365142,2021-12-05T23:59:59.999Z
2021-11-22T00:00:00.000Z,2021-11-28T23:59:59.999Z,2021-11-25T16:05:02.000Z,2021-11-26T23:59:02.000Z,2781,58706.84938,59367.96799,53569.76396,57248.45838,243930001011,1081180416262,2021-11-28T23:59:59.999Z
2021-11-15T00:00:00.000Z,2021-11-21T23:59:59.999Z,2021-11-15T09:15:02.000Z,2021-11-19T03:46:02.000Z,2781,65521.28934,66281.56971,55705.18068,58730.47664,253419951009,1108812311533,2021-11-21T23:59:59.999Z
2021-11-08T00:00:00.000Z,2021-11-14T23:59:59.999Z,2021-11-10T14:17:02.000Z,2021-11-12T16:46:02.000Z,2781,63344.06722,68789.62594,62333.91311,65466.84102,259776276521,1235578996842,2021-11-14T23:59:59.999Z
2021-11-01T00:00:00.000Z,2021-11-07T23:59:59.999Z,2021-11-02T16:02:02.000Z,2021-11-01T04:03:02.000Z,2781,61320.44949,64242.79489,59695.18309,63326.98903,227064607870,1194778776481,2021-11-07T23:59:59.999Z
2021-10-25T00:00:00.000Z,2021-10-31T23:59:59.999Z,2021-10-25T16:54:02.000Z,2021-10-28T18:40:02.000Z,2781,60893.92758,63729.32571,58206.91786,61318.95777,256114057651,1156485845063,2021-10-31T23:59:59.999Z
2021-10-18T00:00:00.000Z,2021-10-24T23:59:59.999Z,2021-10-20T14:53:02.000Z,2021-10-24T16:11:02.000Z,2781,61548.80343,66930.38727,59643.34538,60930.83644,257856648063,1148743134468,2021-10-24T23:59:59.999Z
2021-10-11T00:00:00.000Z,2021-10-17T23:59:59.999Z,2021-10-15T20:28:02.000Z,2021-10-13T09:10:02.000Z,2781,54734.12484,62757.1297,54370.97323,61553.61738,277084548345,1160077513368,2021-10-17T23:59:59.999Z
2021-10-04T00:00:00.000Z,2021-10-10T23:59:59.999Z,2021-10-10T20:27:02.000Z,2021-10-04T15:03:02.000Z,2781,48208.90763,56401.30424,47045.00375,54771.57918,261919545520,1031909532688,2021-10-10T23:59:59.999Z
2021-09-27T00:00:00.000Z,2021-10-03T23:59:59.999Z,2021-10-03T18:06:02.000Z,2021-09-29T00:16:02.000Z,2781,43234.18493,49130.69221,40829.66928,48199.95156,223042115393,907791525236,2021-10-03T23:59:59.999Z
2021-09-20T00:00:00.000Z,2021-09-26T23:59:59.999Z,2021-09-20T00:02:02.000Z,2021-09-21T21:20:02.000Z,2781,47261.4065,47328.19884,39787.6098,43208.5391,270099994434,813490665613,2021-09-26T23:59:59.999Z
2021-09-13T00:00:00.000Z,2021-09-19T23:59:59.999Z,2021-09-18T09:20:02.000Z,2021-09-13T14:20:02.000Z,2781,46057.21533,48791.77937,43591.32078,47260.21733,226141953164,889472404520,2021-09-19T23:59:59.999Z
2021-09-06T00:00:00.000Z,2021-09-12T23:59:59.999Z,2021-09-07T03:22:30.000Z,2021-09-07T15:10:03.000Z,2781,51769.00432,52853.7638,43285.20859,46063.27036,293311066612,866636671662,2021-09-12T23:59:59.999Z
2021-08-30T00:00:00.000Z,2021-09-05T23:59:59.999Z,2021-09-05T22:58:03.000Z,2021-09-01T01:22:57.000Z,2781,48834.85268,51868.68163,46562.43745,51753.41193,256225023618,973354882473,2021-09-05T23:59:59.999Z
2021-08-23T00:00:00.000Z,2021-08-29T23:59:59.999Z,2021-08-23T11:56:03.000Z,2021-08-27T00:21:13.000Z,2781,49291.67737,50482.07641,46394.28309,48829.8326,223947952688,918057300166,2021-08-29T23:59:59.999Z
2021-08-16T00:00:00.000Z,2021-08-22T23:59:59.999Z,2021-08-21T17:52:03.000Z,2021-08-19T04:19:03.000Z,2781,47019.96132,49717.01892,43998.31551,49321.65405,236289722725,926961622395,2021-08-22T23:59:59.999Z
2021-08-09T00:00:00.000Z,2021-08-15T23:59:59.999Z,2021-08-14T09:44:03.000Z,2021-08-09T01:15:03.000Z,2781,43791.92742,48098.68409,42848.68795,47047.00454,234268000892,883882942188,2021-08-15T23:59:59.999Z
2021-08-02T00:00:00.000Z,2021-08-08T23:59:59.999Z,2021-08-08T06:43:03.000Z,2021-08-05T12:47:03.000Z,2781,39907.26285,45282.35328,37458.00399,43798.11768,277870527724,822545074286,2021-08-08T23:59:59.999Z
2021-07-26T00:00:00.000Z,2021-08-01T23:59:59.999Z,2021-08-01T03:58:23.000Z,2021-07-26T00:04:18.000Z,2781,35384.02988,42541.67948,35287.31171,39974.89603,296428742217,750472428208,2021-08-01T23:59:59.999Z
2021-07-19T00:00:00.000Z,2021-07-25T23:59:59.999Z,2021-07-25T23:57:11.000Z,2021-07-20T14:18:13.000Z,2781,31800.01264,35364.92558,29360.95584,35350.18697,156414750211,663401935103,2021-07-25T23:59:59.999Z
2021-07-12T00:00:00.000Z,2021-07-18T23:59:59.999Z,2021-07-12T04:23:03.000Z,2021-07-16T11:45:03.000Z,2781,34254.01659,34592.1556,31100.67337,31796.81014,147501894179,596513309277,2021-07-18T23:59:59.999Z
2021-07-05T00:00:00.000Z,2021-07-11T23:59:59.999Z,2021-07-05T00:00:03.000Z,2021-07-08T11:05:03.000Z,2781,35284.34443,35284.34443,32133.18273,34240.18701,178445862440,642138104626,2021-07-11T23:59:59.999Z
2021-06-28T00:00:00.000Z,2021-07-04T23:59:59.999Z,2021-06-29T17:34:03.000Z,2021-07-02T06:18:03.000Z,2781,34679.12222,36542.11102,32770.68078,35287.77977,231729218471,661574836315,2021-07-04T23:59:59.999Z
2021-06-21T00:00:00.000Z,2021-06-27T23:59:59.999Z,2021-06-21T00:03:03.000Z,2021-06-22T13:56:03.000Z,2781,35641.14606,35721.63963,28893.62166,34649.64459,305541799334,649461677014,2021-06-27T23:59:59.999Z
2021-06-14T00:00:00.000Z,2021-06-20T23:59:59.999Z,2021-06-15T18:15:03.000Z,2021-06-20T12:24:03.000Z,2781,39016.97018,41295.26857,33432.07604,35698.29644,269949570053,668968868770,2021-06-20T23:59:59.999Z
2021-06-07T00:00:00.000Z,2021-06-13T23:59:59.999Z,2021-06-13T20:59:03.000Z,2021-06-08T15:25:03.000Z,2781,35835.26551,39322.78021,31114.44247,39097.8609,298428017340,732465659892,2021-06-13T23:59:59.999Z
2021-05-31T00:00:00.000Z,2021-06-06T23:59:59.999Z,2021-06-03T10:21:03.000Z,2021-05-31T04:23:03.000Z,2781,35658.59296,39478.95118,34241.94356,35862.37773,248884892724,671652557855,2021-06-06T23:59:59.999Z
2021-05-24T00:00:00.000Z,2021-05-30T23:59:59.999Z,2021-05-26T08:03:03.000Z,2021-05-30T00:43:03.000Z,2781,34700.36357,40782.07818,33520.73796,35678.1292,350206489990,667976638398,2021-05-30T23:59:59.999Z
2021-05-17T00:00:00.000Z,2021-05-23T23:59:59.999Z,2021-05-17T00:02:03.000Z,2021-05-19T13:10:03.000Z,2781,46415.89925,46623.55823,30681.49691,34770.58362,563629210101,650686270744,2021-05-23T23:59:59.999Z
2021-05-10T00:00:00.000Z,2021-05-16T23:59:59.999Z,2021-05-10T04:07:03.000Z,2021-05-16T20:52:03.000Z,2781,58250.87253,59519.35443,43963.35019,46456.05847,483967915938,869279076502,2021-05-16T23:59:59.999Z
2021-05-03T00:00:00.000Z,2021-05-09T23:59:59.999Z,2021-05-08T20:30:03.000Z,2021-05-05T00:03:03.000Z,2781,56620.27262,59464.61249,52969.05536,58232.31614,458766142208,1089244557676,2021-05-09T23:59:59.999Z
2021-04-26T00:00:00.000Z,2021-05-02T23:59:59.999Z,2021-05-01T01:55:03.000Z,2021-04-26T00:05:03.000Z,2781,49077.79236,58448.33881,48852.79684,56631.07741,335231529995,1058862005057,2021-05-02T23:59:59.999Z
2021-04-19T00:00:00.000Z,2021-04-25T23:59:59.999Z,2021-04-19T08:04:03.000Z,2021-04-25T21:43:03.000Z,2781,56191.58411,57520.05478,47159.48584,49004.25326,444719708698,915955943256,2021-04-25T23:59:59.999Z
2021-04-12T00:00:00.000Z,2021-04-18T23:59:59.999Z,2021-04-14T11:44:03.000Z,2021-04-18T03:36:03.000Z,2781,60175.94476,64863.09891,52829.53593,56216.185,508118943572,1050445401610,2021-04-18T23:59:59.999Z
2021-04-05T00:00:00.000Z,2021-04-11T23:59:59.999Z,2021-04-10T05:02:03.000Z,2021-04-07T19:21:08.000Z,2781,58760.87326,61276.66537,55604.02359,60204.96491,406637390979,1124635848775,2021-04-11T23:59:59.999Z
2021-03-29T00:00:00.000Z,2021-04-04T23:59:59.999Z,2021-04-02T02:37:03.000Z,2021-03-29T05:44:03.000Z,2781,55947.89897,60267.18765,55139.34176,58758.55629,408348561550,1097232660348,2021-04-04T23:59:59.999Z
2021-03-22T00:00:00.000Z,2021-03-28T23:59:59.999Z,2021-03-22T10:22:03.000Z,2021-03-25T12:40:03.000Z,2781,57517.89149,58471.47865,50856.56869,55950.74577,403128836644,1044446559059,2021-03-28T23:59:59.999Z
2021-03-15T00:00:00.000Z,2021-03-21T23:59:59.999Z,2021-03-15T04:04:38.000Z,2021-03-16T01:07:38.000Z,2781,59267.42905,60540.99271,53555.02774,57523.42099,393542542226,1073417235408,2021-03-21T23:59:59.999Z
2021-03-08T00:00:00.000Z,2021-03-14T23:59:59.999Z,2021-03-13T20:44:38.000Z,2021-03-08T08:20:54.000Z,2781,51174.11695,61683.86401,49506.05346,59302.31698,373838576722,1106226132525,2021-03-14T23:59:59.999Z
2021-03-01T00:00:00.000Z,2021-03-07T23:59:59.999Z,2021-03-03T13:03:41.000Z,2021-03-01T00:07:36.000Z,2781,45159.50305,52535.13578,45115.09311,51206.69295,333113779408,954880954585,2021-03-07T23:59:59.999Z
2021-02-22T00:00:00.000Z,2021-02-28T23:59:59.999Z,2021-02-22T00:01:43.000Z,2021-02-28T18:01:48.000Z,2781,57532.73886,57533.38933,43241.61823,45137.77047,766679775805,841428977515,2021-02-28T23:59:59.999Z
2021-02-15T00:00:00.000Z,2021-02-21T23:59:59.999Z,2021-02-21T19:09:40.000Z,2021-02-15T02:34:42.000Z,2781,48696.53666,58330.57214,46347.47709,57539.94367,470533297169,1072263294725,2021-02-21T23:59:59.999Z
2021-02-08T00:00:00.000Z,2021-02-14T23:59:59.999Z,2021-02-14T12:17:42.000Z,2021-02-08T04:01:40.000Z,2781,38886.82729,49487.64087,38076.32281,48717.29021,580021243858,907551330153,2021-02-14T23:59:59.999Z
2021-02-01T00:00:00.000Z,2021-02-07T23:59:59.999Z,2021-02-06T16:02:41.000Z,2021-02-01T00:30:43.000Z,2781,33114.57724,40846.5469,32384.22811,38903.44148,449918619842,724478833211,2021-02-07T23:59:59.999Z
2021-01-25T00:00:00.000Z,2021-01-31T23:59:59.999Z,2021-01-29T13:58:37.000Z,2021-01-27T14:53:41.000Z,2781,32285.79891,38406.26096,29367.13922,33114.35775,495037340010,616452744533,2021-01-31T23:59:59.999Z
2021-01-18T00:00:00.000Z,2021-01-24T23:59:59.999Z,2021-01-19T16:13:35.000Z,2021-01-22T01:19:41.000Z,2781,35792.23667,37755.89186,28953.37275,32289.37809,423439379850,600888568010,2021-01-24T23:59:59.999Z
2021-01-11T00:00:00.000Z,2021-01-17T23:59:59.999Z,2021-01-14T15:37:38.000Z,2021-01-11T16:47:40.000Z,2781,38346.5295,39966.40524,30549.59877,35791.27792,508900951412,665831621391,2021-01-17T23:59:59.999Z
2021-01-04T00:00:00.000Z,2021-01-10T23:59:59.999Z,2021-01-08T15:11:42.000Z,2021-01-04T10:19:42.000Z,2781,32810.94764,41946.73935,28722.75527,38356.43951,538834804975,713304617761,2021-01-10T23:59:59.999Z
2020-12-28T00:00:00.000Z,2021-01-03T23:59:59.999Z,2021-01-03T07:47:38.000Z,2020-12-29T05:28:41.000Z,2781,26280.82142,34608.55674,25987.29807,32782.02447,379626054545,609409213147,2021-01-03T23:59:59.999Z
2020-12-21T00:00:00.000Z,2020-12-27T23:59:59.999Z,2020-12-27T11:19:41.000Z,2020-12-21T12:47:42.000Z,2781,23474.45541,28288.84002,22159.36806,26272.29457,339132207025,488213268382,2020-12-27T23:59:59.999Z
2020-12-14T00:00:00.000Z,2020-12-20T23:59:59.999Z,2020-12-20T20:46:45.000Z,2020-12-14T01:04:41.000Z,2781,19144.49246,24209.65989,19012.70941,23477.2952,281723269352,436129331482,2020-12-20T23:59:59.999Z
2020-12-07T00:00:00.000Z,2020-12-13T23:59:59.999Z,2020-12-07T00:05:42.000Z,2020-12-11T11:40:53.000Z,2781,19343.1288,19411.82768,17619.53239,19142.38253,193678842259,355479173806,2020-12-13T23:59:59.999Z
2020-11-30T00:00:00.000Z,2020-12-06T23:59:59.999Z,2020-12-01T11:17:41.000Z,2020-11-30T00:00:41.000Z,2781,18178.32212,19845.97548,18178.32212,19345.12096,300817252890,359123541247,2020-12-06T23:59:59.999Z
2020-11-23T00:00:00.000Z,2020-11-29T23:59:59.999Z,2020-11-25T13:50:42.000Z,2020-11-26T17:28:41.000Z,2781,18370.01734,19390.96556,16351.03485,18177.48342,301939363508,337336592123,2020-11-29T23:59:59.999Z
2020-11-16T00:00:00.000Z,2020-11-22T23:59:59.999Z,2020-11-21T02:28:36.000Z,2020-11-16T00:34:40.000Z,2781,15955.57698,18936.62069,15880.70568,18370.00252,274506990351,340790183317,2020-11-22T23:59:59.999Z
2020-11-09T00:00:00.000Z,2020-11-15T23:59:59.999Z,2020-11-13T02:09:37.000Z,2020-11-09T16:17:41.000Z,2781,15479.59572,16463.17784,14865.52928,15955.58744,206407256877,295790551598,2020-11-15T23:59:59.999Z
2020-11-02T00:00:00.000Z,2020-11-08T23:59:59.999Z,2020-11-06T01:16:38.000Z,2020-11-02T12:46:48.000Z,2781,13737.03221,15903.43798,13243.15987,15479.56704,238108964191,286955182899,2020-11-08T23:59:59.999Z
2020-10-26T00:00:00.000Z,2020-11-01T23:59:59.999Z,2020-10-31T10:07:43.000Z,2020-10-26T17:38:42.000Z,2781,13031.20125,14028.21429,12822.38233,13737.10983,240919962782,254569759063,2020-11-01T23:59:59.999Z
2020-10-19T00:00:00.000Z,2020-10-25T23:59:59.999Z,2020-10-25T04:24:44.000Z,2020-10-19T04:37:43.000Z,2781,11495.03794,13329.18403,11408.29012,13031.17431,210845277262,241425217440,2020-10-25T23:59:59.999Z
2020-10-12T00:00:00.000Z,2020-10-18T23:59:59.999Z,2020-10-12T22:16:42.000Z,2020-10-16T09:22:05.000Z,2781,11392.63622,11698.46774,11223.01278,11483.35971,162045277955,212682581771,2020-10-18T23:59:59.999Z
2020-10-05T00:00:00.000Z,2020-10-11T23:59:59.999Z,2020-10-10T03:16:44.000Z,2020-10-06T20:59:53.000Z,2781,10676.52896,11442.21111,10528.89083,11384.18195,256921249410,210766812992,2020-10-11T23:59:59.999Z
2020-09-28T00:00:00.000Z,2020-10-04T23:59:59.999Z,2020-09-28T13:22:15.000Z,2020-10-02T05:35:47.000Z,2781,10776.61364,10945.34791,10416.6892,10669.58254,343112501609,197468899357,2020-10-04T23:59:59.999Z
2020-09-21T00:00:00.000Z,2020-09-27T23:59:59.999Z,2020-09-21T04:33:41.000Z,2020-09-23T20:55:51.000Z,2781,10936.01947,10991.11012,10197.86492,10775.26938,265379591795,199357967523,2020-09-27T23:59:59.999Z
2020-09-14T00:00:00.000Z,2020-09-20T23:59:59.999Z,2020-09-19T12:00:43.000Z,2020-09-14T00:51:56.000Z,2781,10344.13901,11145.91748,10284.28271,10933.64152,215965877520,202218104449,2020-09-20T23:59:59.999Z
2020-09-07T00:00:00.000Z,2020-09-13T23:59:59.999Z,2020-09-13T04:01:59.000Z,2020-09-08T22:21:20.000Z,2781,10272.75836,10554.37038,9901.905755,10335.15936,336512252477,191076746563,2020-09-13T23:59:59.999Z
2020-08-31T00:00:00.000Z,2020-09-06T23:59:59.999Z,2020-09-01T16:02:46.000Z,2020-09-05T19:32:11.000Z,2781,11480.16091,12059.87014,9942.529867,10272.44418,240633136485,189846509865,2020-09-06T23:59:59.999Z
2020-08-24T00:00:00.000Z,2020-08-30T23:59:59.999Z,2020-08-28T10:12:16.000Z,2020-08-29T10:58:17.000Z,2781,11675.72672,13149.69445,104.6189556,11458.31014,142902270427,211691053786,2020-08-30T23:59:59.999Z
2020-08-17T00:00:00.000Z,2020-08-23T23:59:59.999Z,2020-08-17T16:01:03.000Z,2020-08-22T01:03:15.000Z,2781,11898.20572,12345.22809,11464.27133,11677.9258,194980520246,215675816201,2020-08-23T23:59:59.999Z
2020-08-10T00:00:00.000Z,2020-08-16T23:59:59.999Z,2020-08-15T21:47:02.000Z,2020-08-12T03:30:00.000Z,2781,11382.78589,11947.00892,11318.02142,11898.27566,193944530897,219671616951,2020-08-16T23:59:59.999Z
2020-08-03T00:00:00.000Z,2020-08-09T23:59:59.999Z,2020-08-06T19:21:01.000Z,2020-08-03T00:07:00.000Z,2781,11043.76888,11902.33597,11012.41474,11675.73934,17489608833,215490364255,2020-08-09T23:59:59.999Z
2020-07-27T00:00:00.000Z,2020-08-02T23:59:59.999Z,2020-08-02T04:21:00.000Z,2020-07-27T01:20:00.000Z,2781,9905.217914,12034.14415,9903.970111,11053.6139,27410067336,203936136730,2020-08-02T23:59:59.999Z
2020-07-20T00:00:00.000Z,2020-07-26T23:59:59.999Z,2020-07-26T10:09:01.000Z,2020-07-20T14:08:00.000Z,2781,9187.22037,10023.80766,9137.509622,9905.167247,20507998997,182685328095,2020-07-26T23:59:59.999Z
2020-07-13T00:00:00.000Z,2020-07-19T23:59:59.999Z,2020-07-13T18:04:00.000Z,2020-07-16T10:08:01.000Z,2781,9277.20466,9306.40493,9088.947402,9185.816912,12939002784,169360219986,2020-07-19T23:59:59.999Z
2020-07-06T00:00:00.000Z,2020-07-12T23:59:59.999Z,2020-07-08T22:44:00.000Z,2020-07-06T00:29:00.000Z,2781,9072.850074,9450.335672,9058.664458,9276.49985,14452361907,170977422928,2020-07-12T23:59:59.999Z
2020-06-29T00:00:00.000Z,2020-07-05T23:59:59.999Z,2020-07-01T17:57:00.000Z,2020-07-05T21:26:00.000Z,2781,9140.029071,9309.754864,8977.015635,9073.942869,12903406143,167181726154,2020-07-05T23:59:59.999Z
2020-06-22T00:00:00.000Z,2020-06-28T23:59:59.999Z,2020-06-24T06:12:00.000Z,2020-06-28T04:56:01.000Z,2781,9300.915458,9680.367146,8975.525855,9143.582191,14560870760,168401806137,2020-06-28T23:59:59.999Z
2020-06-15T00:00:00.000Z,2020-06-21T23:59:59.999Z,2020-06-16T06:25:00.000Z,2020-06-15T06:34:00.000Z,2781,9386.035291,9579.430375,8990.175947,9303.629714,15324301169,171289415079,2020-06-21T23:59:59.999Z
2020-06-08T00:00:00.000Z,2020-06-14T23:59:59.999Z,2020-06-11T02:27:01.000Z,2020-06-11T20:16:01.000Z,2781,9760.063252,9938.297674,9263.069588,9386.787892,18991732746,172763239787,2020-06-14T23:59:59.999Z
2020-06-01T00:00:00.000Z,2020-06-07T23:59:59.999Z,2020-06-01T23:30:01.000Z,2020-06-01T23:32:02.000Z,2781,9463.605662,10199.56497,9450.899111,9758.852417,25015250846,179540253701,2020-06-07T23:59:59.999Z
2020-05-25T00:00:00.000Z,2020-05-31T23:59:59.999Z,2020-05-30T23:17:01.000Z,2020-05-25T11:01:02.000Z,2781,8786.107695,9704.030309,8719.668362,9461.058918,27773290299,173997151930,2020-05-31T23:59:59.999Z
2020-05-18T00:00:00.000Z,2020-05-24T23:59:59.999Z,2020-05-18T01:43:00.000Z,2020-05-24T23:48:00.000Z,2781,9675.69498,9906.030203,8787.251002,8790.368001,32518803300,161610414643,2020-05-24T23:59:59.999Z
2020-05-11T00:00:00.000Z,2020-05-17T23:59:59.999Z,2020-05-17T16:15:00.000Z,2020-05-11T18:24:01.000Z,2781,8755.535639,9823.002288,8374.322975,9670.739371,40084250663,177745404470,2020-05-17T23:59:59.999Z
2020-05-04T00:00:00.000Z,2020-05-10T23:59:59.999Z,2020-05-08T00:53:01.000Z,2020-05-10T17:02:01.000Z,2781,8895.744874,9996.743353,8395.107451,8756.431142,63325279337,160884755211,2020-05-10T23:59:59.999Z
2020-04-27T00:00:00.000Z,2020-05-03T23:59:59.999Z,2020-04-30T06:22:00.000Z,2020-04-27T00:00:05.000Z,2781,7679.418951,9440.650673,7679.418951,8897.46851,47101785174,163358189151,2020-05-03T23:59:59.999Z
2020-04-20T00:00:00.000Z,2020-04-26T23:59:59.999Z,2020-04-26T14:44:00.000Z,2020-04-21T12:00:04.000Z,2781,7186.873741,7700.594295,6834.442325,7679.867204,33070154491,140903867573,2020-04-26T23:59:59.999Z
2020-04-13T00:00:00.000Z,2020-04-19T23:59:59.999Z,2020-04-19T04:34:03.000Z,2020-04-16T00:32:03.000Z,2781,6965.616638,7280.521782,6555.504275,7189.424824,31311210215,131815853850,2020-04-19T23:59:59.999Z
2020-04-06T00:00:00.000Z,2020-04-12T23:59:59.999Z,2020-04-07T10:54:03.000Z,2020-04-06T00:04:03.000Z,2781,6788.049803,7427.93934,6782.889745,6971.091591,35759567632,127716846208,2020-04-12T23:59:59.999Z
2020-03-30T00:00:00.000Z,2020-04-05T23:59:59.999Z,2020-04-02T17:40:02.000Z,2020-03-30T00:10:03.000Z,2781,5925.538489,7088.247324,5903.234347,6791.129441,29510409856,124328853512,2020-04-05T23:59:59.999Z
2020-03-23T00:00:00.000Z,2020-03-29T23:59:59.999Z,2020-03-25T10:08:00.000Z,2020-03-23T09:28:00.000Z,2781,5831.374735,6892.511359,5785.004453,5922.043123,28373690931,108338520156,2020-03-29T23:59:59.999Z
2020-03-16T00:00:00.000Z,2020-03-22T23:59:59.999Z,2020-03-20T10:58:00.000Z,2020-03-16T11:15:01.000Z,2781,5385.229522,6844.261528,4575.357887,5830.254798,40099664740,106591196069,2020-03-22T23:59:59.999Z
2020-03-09T00:00:00.000Z,2020-03-15T23:59:59.999Z,2020-03-09T00:13:00.000Z,2020-03-13T02:26:01.000Z,2781,8111.146392,8177.793224,4106.98075,5392.31488,33997889639,98530059890,2020-03-15T23:59:59.999Z
2020-03-02T00:00:00.000Z,2020-03-08T23:59:59.999Z,2020-03-06T11:57:01.000Z,2020-03-08T23:54:01.000Z,2781,8563.264259,9167.695796,8105.252804,8108.116291,39973102121,148060284561,2020-03-08T23:59:59.999Z
2020-02-24T00:00:00.000Z,2020-03-01T23:59:59.999Z,2020-02-24T00:29:00.000Z,2020-03-01T19:06:00.000Z,2781,9921.583461,9951.746149,8471.212626,8562.45405,35349164300,156238987740,2020-03-01T23:59:59.999Z
2020-02-17T00:00:00.000Z,2020-02-23T23:59:59.999Z,2020-02-19T21:47:00.000Z,2020-02-17T14:29:00.000Z,2781,9936.56026,10191.67585,9507.637994,9924.515228,41185185761,180963233540,2020-02-23T23:59:59.999Z
2020-02-10T00:00:00.000Z,2020-02-16T23:59:59.999Z,2020-02-13T07:15:00.000Z,2020-02-16T05:03:00.000Z,2781,10115.55969,10457.6272,9722.387157,9934.43339,43374780305,181017665264,2020-02-16T23:59:59.999Z
2020-02-03T00:00:00.000Z,2020-02-09T23:59:59.999Z,2020-02-09T04:03:01.000Z,2020-02-04T13:23:00.000Z,2781,9344.683679,10129.43516,9112.811417,10116.67376,35807884663,184214765394,2020-02-09T23:59:59.999Z
2020-01-27T00:00:00.000Z,2020-02-02T23:59:59.999Z,2020-01-30T20:47:01.000Z,2020-01-27T00:00:02.000Z,2781,8597.308779,9553.126133,8597.308779,9344.365293,30835736946,170034976662,2020-02-02T23:59:59.999Z
2020-01-20T00:00:00.000Z,2020-01-26T23:59:59.999Z,2020-01-22T07:32:01.000Z,2020-01-24T11:01:00.000Z,2781,8704.631814,8792.993871,8266.840578,8596.829833,22177678796,156322174637,2020-01-26T23:59:59.999Z
2020-01-13T00:00:00.000Z,2020-01-19T23:59:59.999Z,2020-01-19T03:36:00.000Z,2020-01-13T14:36:00.000Z,2781,8189.772064,9164.36226,8079.700741,8706.24513,34217320471,158194319735,2020-01-19T23:59:59.999Z
2020-01-06T00:00:00.000Z,2020-01-12T23:59:59.999Z,2020-01-08T13:55:01.000Z,2020-01-06T00:05:01.000Z,2781,7410.452168,8396.737881,7409.293182,8192.494005,22903438381,148752956966,2020-01-12T23:59:59.999Z